"userid","user_name"
553,Abel A*****
1632,Adalia G****
207,Adeildes S**
1253,Adeilton d**
377,Adelia d****
554,ADELMO J****
1326,ADELSON XI**
555,Aderivania**
1498,Adileane P**
556,Adla Maria**
2,Administra**
1826,Adriana G***
795,Adriana  d**
997,Adriana S***
1035,Adriana X***
378,Adriana  T**
1545,Adriana C***
1633,Adriana L***
1682,Adriana d***
1254,ADRIANA DA**
1305,Adriana Ka**
1306,Adriana Ma**
208,Adriana Ma**
379,Adriana Vi**
1634,Adriano M***
557,ADRIANO AL**
558,ADRIANO TA**
1546,Adrião d****
1547,Adriel d****
380,Adrielma M**
1181,Afonso A****
552,AFRANIA C***
1255,AIANE MORE**
1223,AILLA REGI**
796,Ailson  d***
1635,Alaide G****
209,ALANE J*****
1683,Alanna Cri**
1499,Alanne H****
1430,Albânnya L**
210,ALBERTO  B**
559,Alcineide **
211,Alcino G****
1548,Alcione B***
212,ALCIONE DA**
1777,Alda Maria**
381,Alda Miche**
1549,Alder J*****
1361,ALDIR DOS **
1256,ALEF RODRI**
560,ALESSANDRA**
1727,Alessandra**
1411,Alessandra**
839,Alessandra**
1182,Alex Marci**
1362,ALEX SOARE**
1914,Alex Sonia**
2040,Alexandre **
1183,Alexandro **
1728,Alexsandra**
213,ALEXSANDRA**
561,ALEXSANDRA**
1327,ALEXSANDRO**
562,Alfredo Fe**
382,Alice I*****
1363,Aline   ****
998,Aline d*****
214,ALINE C*****
215,ALINE D*****
957,Aline L*****
1595,Aline Brig**
924,Aline Carl**
1431,Aline Evan**
1827,Aline Fern**
1550,Aline Mari**
1036,Aline Mari**
1636,Aliny P*****
563,ALLAN J*****
383,Alline d****
999,Almeny A****
564,ALMIR G*****
216,ALTAIR L****
565,Aluizio Jo**
19,aluno 0*****
2055,Aluno Pesq**
16,Aluno01 t***
3,Aluno01@ T**
4,Aluno02@ T**
1364,ALVARO MAR**
1466,Alyne M*****
566,ALYSSON M***
1365,ALZENI DA **
1637,Amanda V****
1684,Amanda O****
1778,Amanda M****
1915,Amanda L****
384,Amanda A****
385,Amanda  ****
386,Amanda M****
387,Amanda R****
1432,Amanda Cri**
1366,AMANDA SUE**
925,Amara F*****
1000,Amós B*****
217,ANA C*****
220,ANA   *****
221,ANA P*****
1184,ANA CARINE**
1551,Ana Cecili**
926,Ana Cidia **
1500,Ana Claudi**
218,ANA CLAUDI**
1869,Ana Cristi**
388,Ana Elizab**
1638,Ana Gabrie**
1729,Ana Gabrie**
927,Ana Georgi**
1730,Ana Gerilâ**
1916,Ana Karla **
219,ANA KARLA **
797,Ana Karoli**
568,Ana Lúcia **
389,Ana Lucia **
390,Ana Marcia**
1596,Ana Maria **
1779,Ana Maria **
1597,Ana Merice**
798,Ana Nery d**
881,Ana Patric**
882,Ana Paula **
1501,Ana Paula **
2013,Ana Paula **
569,Ana Paula **
1780,Ana Paula **
391,Ana Paula **
392,Ana Paula **
393,Ana Paula **
1367,ANA PAULA **
1185,Ana Paula **
1037,Ana Raquel**
958,Ana Silvan**
567,Anadio Rob**
1870,Anaine S****
1639,Anara Mari**
1502,Anderson R**
1598,Anderson C**
1782,Anderson F**
1781,Anderson F**
1685,Anderson N**
394,Anderson R**
1328,ANDERSON S**
1257,ANDRE  S****
395,Andre J*****
570,Andre Gefe**
1783,André Gust**
572,ANDRE LUIZ**
396,Andre Luiz**
1686,Andrea A****
1687,Andrea d****
397,Andrea Fab**
928,Andréa Pat**
1038,Andrea Reg**
1105,Andrea Viv**
1552,Andreia d***
1553,Andreia S***
571,ANDREIA L***
1503,Andrelice **
1504,Andrelucia**
1917,Andresa P***
573,ANDREZA D***
840,Ane Daiane**
1554,Angela Mar**
1368,ANGELA MON**
1871,Angélica S**
799,Angelina A**
574,ANICLEIDE **
222,ANIELLE S***
223,ANNA C*****
1828,Anna Paula**
575,Anna Paula**
224,ANNE J*****
1001,Anne Crist**
959,Antonia M***
1640,Antonia d***
576,ANTONIA EM**
841,Antonia Ir**
1258,ANTONIA SI**
225,ANTONIO Q***
842,Antonio  M**
1784,Antonio Be**
1039,Antonio Eu**
1785,Antonio Jo**
1307,ANTONIO MA**
929,Antonio Ma**
577,Antonio Ma**
226,Antonio Se**
578,Antonio Va**
579,Any Caroli**
1641,Aparecida **
227,Aparecida **
883,Ariadne A***
228,ARICELE D***
1555,Arioberto **
398,Arlane  M***
580,ATILAS SIL**
399,Auanna d****
229,AUGUSTO O***
1002,Aumeres Ma**
400,Aurenita G**
401,Auricelia **
402,Aurilene M**
1556,Autieres S**
1505,Ayane d*****
230,Badu D*****
581,BARBARA L***
1872,Barbara Ra**
231,BEATRIS M***
1918,Beliza d****
1731,Benedita D**
1919,Bernadete **
1599,Betania S***
960,Betania Va**
837,BETANIA VA**
1412,Bruna d*****
843,Bruna Rafa**
1224,BRUNA RAIL**
1688,Bruna Thai**
12,Bruno V*****
582,Bruno Mari**
1259,CAIO  JONA**
583,Caio Cesar**
1040,Camila P****
1225,CAMILA DE **
1433,Camila Nat**
1557,Camilla Ga**
1506,Camyla L****
403,Candida Va**
232,CARLA E*****
584,Carla L*****
1689,Carla Daia**
404,Carla Fabi**
1369,CARLA PATR**
1467,Carlinda J**
585,Carlos A****
586,CARLOS E****
1920,Carlos And**
1732,Carlos Ant**
1260,CARLOS JON**
587,CARMEM S****
2046,Carmem Sue**
1261,CAROLINE A**
1041,Cátia A*****
588,Catia Dini**
405,Catiane  d**
1600,Celda d*****
1642,Celia L*****
406,Celia C*****
1329,Celiane Ce**
884,Celio  d****
844,CELIO DA S**
1262,CELMA GOME**
407,Charles Ed**
1003,Christiane**
589,Christiano**
233,CIBELLE F***
408,Cibelly Ta**
234,CICERA J****
1507,Cicera G****
1508,Cicera S****
1643,Cicera S****
1829,Cicera B****
961,Cícera Car**
845,Cícera Edj**
1733,Cícera Jac**
1226,CICERA MAR**
1786,Cícera Mig**
1186,Cicera San**
846,Cicera Sue**
1434,Cicero L****
590,CICERO A****
800,Cícero Aug**
1690,Cicero Hen**
409,Cicero Rub**
1830,Cilene E****
885,Cilene Cás**
1873,Cinthya Ma**
1263,Cintia Nay**
410,Clara Beta**
235,CLAUDENICE**
1264,CLAUDEVANI**
592,CLAUDIA R***
1509,Claudia Re**
591,CLAUDIANE **
236,CLAUDICEA **
1227,CLAUDIJANE**
593,CLAUDIO L***
1265,CLAUDIO JO**
1266,CLAUDIVAN **
1510,Claudivani**
1734,Cleane Sin**
411,Cleber D****
1468,Cleber G****
847,Clebia Mir**
801,Clécia O****
237,CLECIA M****
238,Clecio D****
1787,Cleivia Re**
1558,Cleiviane **
848,Cleone  ****
594,CLEVERTON **
595,CLOVIS G****
134,Coord Curs**
76,Coord Curs**
99,Coord Curs**
25,Coord Curs**
751,Coord Gera**
34,Coord NEAD**
75,Coord Polo**
74,Coord Polo**
2017,Coord Polo**
132,Coord Polo**
193,Coord Polo**
135,Coord Polo**
33,Coord Polo**
194,Coord Polo**
70,Coord Polo**
94,Coord Polo**
71,Coord Polo**
133,Coord Tuto**
35,Coord Tuto**
72,Coord Tuto**
98,Coord Tuto**
18,Coordenado**
7,coordenado**
32,Coordenado**
794,Coordenado**
195,Coordenado**
73,Coordenado**
1874,Cosma Fran**
1831,Cristiane **
849,Cristiane **
596,CRISTIANE **
412,Cristiane **
886,Cristiane **
1644,CRISTIANE **
1735,Cristiane **
239,CRISTIANO **
240,CRISTINA M**
1736,Cristina A**
1267,CRISTINA T**
887,Cristina V**
1511,Cristofani**
241,CYNTHIA M***
413,Daiane R****
1228,Daiane Sen**
414,Daiany C****
597,Daiany Ale**
415,Dalgomir F**
1691,Dalvan d****
1268,DAMARIS ME**
416,Damiana Jo**
1645,DAMIANA MA**
242,DAMIANA SO**
1330,DANIEL BAR**
1788,Daniel Vir**
1832,Daniela V***
598,Daniela Mi**
1004,Daniele d***
1833,Daniele N***
1269,DANIELE LI**
1737,Daniele Ma**
600,DANIELLE G**
243,DANIELLE F**
1270,DANIELLE A**
599,Danielle d**
802,Danielle M**
601,DANIELY M***
602,Danilo C****
1187,Danilo Can**
1559,Danilo Ped**
244,DANYELA D***
850,Darticleia**
1370,David Arau**
603,Dayana G****
1875,Dayana Bea**
1308,Dayanne M***
1692,Dayse  D****
604,Dayse Guim**
605,Dayse Patr**
606,DAYVSON P***
2014,Deane S*****
851,Debora  M***
1005,Débora C****
1435,Debora Cri**
607,Debora Kar**
1331,DEBORA MAR**
1876,Deborah M***
245,DEILDA S****
1413,Deise C*****
246,Deleon B****
1789,Denice Biu**
1693,Denise d****
247,Denise T****
852,Denise N****
1738,Deovania  **
248,DEUSILENE **
1921,Deysa Leid**
249,Deyse Sant**
1922,Dheyne Ima**
1694,Diana d*****
608,Diane F*****
609,Diane Thar**
610,Diego do B**
250,DILAMARA C**
888,Diogo S*****
889,Djane B*****
872,DJANE BIU **
1834,Doralice J**
962,Dorinete  **
1512,Doronice G**
1739,Douglas S***
251,DRAILTON B**
417,Duciene P***
252,DUCIVANIA **
930,Dyany V*****
253,EDENICE D***
611,Edenilda A**
254,EDER A*****
1835,Edglícia N**
1877,Edigar d****
255,EDIJANE M***
612,Edilaine G**
1646,Edilane Ma**
1513,Edilene P***
1601,Edilene B***
1042,Edilene d***
1229,EDILENE MA**
1043,Edileuza F**
418,Edileuza V**
256,Edilma Rob**
1836,Edilma Sev**
1371,EDILMA TER**
1878,Edilza Mar**
1740,Edimar  F***
1790,Edinaelle **
257,EDINALDO J**
1436,Edinayran **
1837,Edineide S**
1695,Edineuma S**
419,Edivaldo G**
1372,EDIVANIA A**
1373,EDIVANICE **
963,Edivargas **
1081,Edjane P****
1602,Edjane F****
1647,Edjane V****
1791,Edjane Mar**
1998,Edjaneide **
1560,Edna L*****
1603,Edna  B*****
1604,Edna S*****
1437,Edna B*****
258,EDNA M*****
1879,Edna F*****
803,Edna G*****
1880,Edna Janai**
1741,Ednaldo G***
613,EDNAYRAN G**
931,Ednilma F***
1514,Edson R*****
1332,EDUARDA M***
1006,Eduarda  ***
259,EDUARDO B***
614,EDUARDO B***
1333,EDUARDO LU**
1648,EDUARDO PE**
1188,Edva da Si**
420,Edvalda d***
421,Edvan V*****
1113,Edvania  A**
1114,Edvania R***
1991,EDVANIA DO**
1881,Edvania Vi**
1374,Edvoneide **
1605,Edzangela **
1334,EFIGENIA R**
1923,Elaine B****
1045,Elaine S****
260,ELAINE S****
932,Elaine Elb**
964,Elandia  d**
1046,Elane Mich**
422,Elania d****
1742,Elania d****
1335,ELAYNE LAR**
1515,Elba S*****
1924,Elba Maísa**
1230,ELCIO DE S**
1516,Elenn Kezi**
423,Eliana G****
1696,Elielba G***
1007,Eliene A****
1993,Eliene  A***
1271,Eliheldo d**
1517,Elinaide M**
1649,Elineide A**
804,Elioenai D**
1518,Elionete  **
1792,Elisabete **
1231,ELISABETH **
1650,Elisangela**
1047,Elisangela**
1272,ELISMAR RO**
965,Elison Joh**
261,ELIZA N*****
615,ELIZABETH **
1469,Elizama  E**
424,Elizangela**
1273,ELIZANGELA**
616,Ellen R*****
262,Éllton d****
1561,Eloide L****
263,Emanuel J***
425,Emanuel J***
617,Emanuel El**
1925,Emanuela G**
264,EMANUELLA **
618,EMERSON F***
619,Emmanuel d**
1048,Emylle Sab**
1274,ENAIDE MAR**
426,Enedina P***
1926,Erenice N***
1232,Erica Vane**
1309,Erick  F****
620,ERICK L*****
265,Erika A*****
1743,Erika Sora**
1838,Erika Vane**
1882,Erisbelta **
266,ERLAN A*****
966,Erlânia  d**
1839,Erleide Cl**
805,Estela Mar**
1310,Eulilia S***
1008,Evani Mari**
1992,Evani Mari**
1519,Evanuzia d**
427,Eveline S***
1233,EVELINE PR**
1651,EVELYNE SA**
428,Everaldo M**
1116,Everilde N**
1189,EVERTON FI**
267,EVILANE C***
268,EWERTON G***
1840,Fabia A*****
1697,Fabiana d***
806,Fabiana L***
1470,Fabiana Cl**
621,Fabiana Fi**
622,Fabiana Pe**
1652,Fabianne d**
1562,Fabiano d***
623,FABIANO A***
1698,Fabiano Ed**
624,Fabiano Jo**
269,Fabio D*****
270,FABIO S*****
625,FABIOLA Ma**
626,Fagner A****
1653,Fatima Reu**
627,FELIPE M****
1311,FELIPE GUI**
271,FELIX J*****
1336,FERNANDA A**
1190,Fernanda E**
1927,Fernanda L**
1049,Fernanda M**
429,Fernanda P**
853,Flaveliny **
854,Flavia  M***
430,Flavia  d***
628,Flavia C****
629,FLAVIA R****
1234,FLAVIA MAR**
1793,Flavia Mic**
1654,Francidalv**
630,Franciele **
807,Francileid**
808,Francilene**
1275,FRANCINAID**
1655,Francineid**
1235,FRANCINEID**
1744,Francinete**
1841,Francisca **
1439,Francisca **
1521,Francisca **
1522,Francisca **
272,FRANCISCA **
273,Francisca **
1438,Francisca **
1276,FRANCISCA **
1745,Francisca **
1699,Francisca **
809,Francisca **
1520,Francisca **
967,Francisca **
1009,Francisca **
1883,Francisco **
1277,FRANCISCO **
1236,Francisco **
1523,Francisco **
631,Francisco **
1278,FRANCISCO **
968,Francisco **
274,FRANCISLAN**
1928,Frandidalv**
1563,Franklin A**
1191,Fredson An**
1656,FREDSON DO**
1746,GABIO BORG**
632,Gabriela C**
1279,GARDENIA D**
969,Geane  A****
275,GEANE M*****
1606,Gedalva Ma**
1375,GEFFERSON **
1564,Geiferson **
1607,Geisa C*****
1010,Geni  S*****
633,GENILDO S***
634,GENIVALDO **
1414,Genivaldo **
431,Genivaldo **
1471,George F****
1237,Georgia  ***
1884,Georgia Pe**
810,Georgina B**
432,Georje S****
635,GERALDO MA**
90,Gerente de**
136,Gerente de**
160,Gerente Pr**
36,Gerente Pr**
15,Gerente Pr**
9,Gerente01 **
1280,GERFESSON **
1700,Gerliane N**
1337,Gerson Fra**
970,Géssica G***
1338,Géssica Ge**
14,Gestor de **
17,Gestora de**
1608,Geyse Dani**
1794,Geyza G*****
1996,Gicleide R**
1192,Gidailson **
276,GILBERLANI**
1376,GILBERLANI**
1524,Gilberto V**
2050,Gildene M***
855,Gilsa Mari**
636,GILSON H****
433,Gilson  G***
1701,Gilvanete **
890,Gilvania A**
1657,Gilvania C**
1795,Gilvania V**
1885,Giovana S***
1929,Girlane  ***
277,Girlânia G**
1377,GIRLENE PE**
1281,GISLANIA A**
1747,Gislene d***
1979,GISMEIRE A**
891,Gizelda Er**
1193,Gizelia Lu**
1796,Glacelaine**
1339,GLAUBERTT **
1194,Glebson Jo**
1702,Gleise d****
1195,Gleiton Ca**
1312,Gleybson H**
637,GLEYCIELLY**
1415,Gracimeire**
278,GRIGORIO N**
1282,Guilherme **
1378,GUILHERME **
638,Guilherme **
639,GUSTAVO L***
279,HAROLDO M***
1565,Haydê M*****
1703,Helder d****
971,Helem L*****
1011,Helena A****
640,HELIO B*****
1238,Heloisa Pa**
434,Henrique M**
641,HENRRISON **
280,HERCILIO B**
811,Hermila F***
642,Hidelbrand**
435,Hiona Cris**
1340,HOLLYSTON **
281,HORTENCIA **
282,HOZANA C****
972,Hugo de Br**
1472,Humberto A**
1658,Iara  V*****
1930,Iara S*****
1379,IDAIANA MA**
436,Idalecya d**
1051,Ieda  V*****
1380,IGOR VINIC**
1931,Ilka Oline**
643,Ilton Ceza**
1283,ILZA FERNA**
1525,Inacio M****
644,INALDA P****
973,Iraclaudia**
1982,Iraneide F**
283,IRANEIDE S**
933,Irene Mari**
1748,Irismar G***
1704,Irismar de**
1196,Isabel Cri**
437,Isabela Ma**
1526,Isac Charl**
1797,Isalene Ma**
1798,Israel Jos**
1473,Itala Mano**
1474,Itala Thai**
645,ITAMAR G****
1705,Ivalda Ant**
284,IVALQUIRIA**
1475,Ivania Car**
1440,Ivanilde B**
934,Ivany B*****
1566,Ivo Jose d**
1659,IVONE MARI**
1527,Ivonete G***
438,Izabel Cri**
1749,Izabel Del**
646,Izabella M**
439,Izaias F****
647,IZANDRO A***
1706,Jaciara Ma**
648,Jacilea B***
285,JACIONE S***
1012,Jacira M****
2044,JACKELYNE **
649,JACKSON F***
892,Jacqueline**
650,Jadilson C**
651,JADSON F****
1239,JADSON JUL**
1567,Jadson Mar**
893,Jailma F****
1707,JAILMA LEA**
812,Jailson d***
856,Jailson  ***
1313,JAILSON BA**
652,Jailson de**
953,JAILSON DE**
653,JAiNE F*****
1381,Jairo Marc**
1528,Jakeline D**
1197,Jakson S****
1013,Jamille S***
286,JAMILLE M***
1799,Jamilly Sa**
654,Jamilton d**
894,Janaina d***
655,Janaina Ca**
1198,Janaina de**
1199,Janaina Me**
895,Jane Carci**
857,Jane Cleci**
896,Jane Cleid**
1382,JANEIDE MA**
1476,Janete G****
1441,Janete Cle**
656,Janeth Mar**
1708,Janice S****
440,Janicelia **
1284,JANICLÊCE **
1750,Janiclecia**
1842,Janicleide**
1200,Janicleide**
441,Janielba d**
1800,Janieli M***
1201,Janielly H**
1314,JANIELMA M**
1660,Janilda Ma**
442,Janilson S**
1202,Janio Wesl**
897,Jannaina C**
898,Januária d**
935,Jaqueline **
1751,Jaqueline **
858,Jaqueline **
657,JARMON W****
1932,Java B*****
974,Jayara Lui**
659,Jean Silva**
287,JEANE S*****
658,Jeanne Pes**
660,Jefferson **
1315,JEFFERSON **
1416,Jeisa  C****
443,Jeisa Mile**
288,Jeiza Alga**
289,JERONIMO G**
1933,Jéssica P***
1530,Jessica V***
1529,Jéssica   **
1886,Jéssica Ap**
444,Jessica Ir**
1052,Jessica Ma**
1568,Jéssica R.**
1661,Joana Ange**
899,Joana Darc**
661,Joana Darc**
1609,Joanda Rob**
1417,Joao L*****
1752,Joao A*****
1662,Joao Batis**
975,Joao Batis**
936,João Lucas**
1240,Joao Marci**
1663,João Pedro**
290,JOAQUIM P***
662,Jociclaudi**
291,JOEDYSON A**
1531,Joélia S****
1532,Joelma N****
445,Joelma P****
1753,Joelma Mar**
292,JONAS A*****
663,JONATAM L***
1341,JONNES D****
976,Jordânia G**
1477,Jordania L**
1887,Jorge Edua**
1533,Jorge Flor**
1534,José C*****
293,JOSE A*****
294,JOSE A*****
296,JOSE B*****
297,JOSE D*****
301,Jose  M*****
302,JOSE N*****
303,JOSE P*****
304,JOSE R*****
305,JOSE W*****
447,Jose  F*****
1342,Jose L*****
668,JOSE C*****
669,JOSE D*****
670,JOSE E*****
672,JOSE H*****
679,JOSE R*****
680,JOSE T*****
681,JOSE V*****
1203,José Aldo **
664,Jose Alean**
666,JOSE ANDER**
665,Jose Ander**
295,JOSE ANTON**
667,JOSE BARBO**
1383,JOSE CILDO**
1888,Jose Davi **
900,Jose Eduar**
937,José Fabia**
977,JOSE FABIA**
446,Jose Fabio**
1934,Jose Ferna**
448,José Gilso**
1801,Jose Jardi**
673,JOSE LEONA**
300,JOSE LUIZ **
1316,Jose Makis**
675,Jose Mario**
859,Jose Mario**
676,Jose Melis**
1343,JOSE NILSO**
678,Jose Ozair**
1014,Jose Ronal**
1802,José Sever**
1754,Jose Silva**
1384,JOSE WILSO**
1478,Joseana Ma**
1418,Joseane M***
1204,Joseane Mi**
298,Josefa D****
299,Josefa T****
671,JOSEFA V****
901,Josefa Bra**
981,JOSEFA BRA**
1889,Josefa Bru**
1610,Josefa Sim**
860,Joselene P**
1890,Joseli Fel**
1891,Josélia Ma**
674,Joselito O**
1419,Josemaria **
677,JOSENAIDE **
449,Josenilda **
450,Josenilda **
1241,JOSENILDA **
451,Josenilda **
165,Josenilton**
1664,Josileide **
1997,Josilene S**
1665,Josimario **
1843,Josimere S**
452,Josimere M**
453,Josina Ter**
454,Josineide **
682,JOSINETE B**
902,Josivalda **
683,JOSIVALDO **
1611,Josivalte **
306,JOSIVANDO **
1755,Josivane P**
938,Josivânia **
1344,Josué Pere**
1420,Jozeana S***
939,Juan R*****
455,Jucelma S***
1285,JUCIELDO D**
978,Juciene Ma**
456,Jucilene M**
1479,Jucilene d**
457,Jucivania **
940,Jucleane E**
458,Jucyany G***
813,Julia Apar**
684,JULIANA D***
1935,Juliana A***
307,Juliana Ca**
1844,Juliana Ju**
1205,Juliana Lo**
1535,Juliana Ra**
459,Juliane  d**
308,JULIANO V***
460,Juliedson **
685,JULIO C*****
903,Jullyana F**
904,Juranilza **
686,Juscelino **
309,JUSCIANA D**
461,Jussara  A**
310,JUVENAL S***
462,Kaciana M***
1612,Kallyane G**
687,Kalyna Bar**
1206,Kalyne Tha**
1569,Kamila P****
1242,KAMILLA AL**
1803,Karina iza**
311,KARLA M*****
905,Karla Patr**
979,KARLA PATR**
1053,Kátia F*****
312,KATIA M*****
688,KATIA BEZE**
463,Katia Patr**
941,Katia Sama**
690,Katia Simo**
464,Katiana G***
689,Katiana Co**
980,Katiane  d**
313,KATIANE AP**
465,Keisa M*****
1536,Keliane P***
314,KELLVIN M***
1804,KELLY MAYA**
1756,Kelvin Ale**
1805,Kesia Kari**
1845,Kesia Vane**
1846,Keyla D*****
1806,Kicianne K**
1570,Klediane C**
1892,Kledja F****
466,Klednailce**
467,Kleiton Lu**
1893,Ladivane F**
1537,Ladjane S***
1894,Ladyclaudi**
814,Laiara C****
1243,LAINE MONT**
1709,Lais Neome**
1015,LAIS PESSO**
315,LAISE C*****
1666,LAIZA ALVE**
815,Larissa d***
1244,LARISSA ED**
1385,LARISSA XA**
1936,Laudeci N***
1317,LAUDICEA A**
468,Layanne A***
316,LEA MARIA **
317,LEANDRA S***
318,LEANDRO D***
1757,Leandro  M**
691,LEANDRO C***
469,Leandro Se**
470,Leidjane d**
2045,LEILIANE F**
319,LEONARDO I**
1807,Leonardo V**
692,Leonardo G**
320,LEONEL A****
1345,Leonel F****
471,Leônida L***
321,LEONILDA F**
1207,Leonildo D**
472,Leonires L**
1808,Leticia D***
1442,Leticia T***
473,Levy A*****
322,LIDIANA X***
474,Lidiane S***
693,Ligia Clem**
1016,Ligia Eman**
694,Lilaine Ap**
1443,Lilian Ren**
1895,Liliane G***
942,Liliane  A**
695,LINALDA D***
1421,Lindianete**
323,LINDINALVA**
1667,LINDINALVA**
943,Lindinalva**
861,Lindinalva**
1937,Lisandra A**
1054,Lisvania F**
1938,Livia G*****
1758,Lívia K*****
1346,Lívia Gome**
1386,LIVIA GOUV**
475,Livia Kari**
1387,LOANGELA J**
2047,Lourdes Ja**
1613,Luana N*****
1847,Luana Apar**
1809,Lucas G*****
696,LUCAS D*****
476,Lucelia S***
1896,Luci L*****
1571,Lucia S*****
477,Lucia Apar**
1017,Lúcia Mari**
1939,Luciana  A**
906,Luciana N***
944,Luciana R***
1055,Luciana Cl**
1444,Luciana Ma**
1480,Luciana Ma**
1848,Luciara d***
1388,Lucielma S**
1572,Luciene B***
1668,Luciene A***
1710,Luciene Ma**
1810,Lucilene V**
1445,Lucimar A***
478,Lucimere d**
479,Lucineide **
697,Lucineide **
1208,Lucineide **
1347,Lúcio Viní**
982,Lucivanda **
698,Lucivanda **
1940,Lucivania **
1573,Lucivania **
1711,Lucivania **
480,Lucyo Jonn**
324,LUIS F*****
1018,Luis d*****
481,Luis Carlo**
699,Luis Carlo**
700,LUIZ BATIS**
482,Luiz Carlo**
1481,Luiz Carlo**
701,LUIZ CARLO**
1712,Luiz Manoe**
1286,LUIZA LOPE**
702,Lusana dos**
1614,Macileide **
483,Macilene R**
945,Macilia A***
325,MAGDA G*****
1422,Magno S*****
1287,MAIANE  VI**
816,Mailde C****
484,Mailson A***
1713,Malba Fran**
485,Manoel Era**
703,Manoel Mes**
1056,Manoella d**
704,MARCELA B***
1057,Marcelia C**
1389,MARCELLA M**
1318,MARCELLE D**
55,Marcelo S***
705,MARCELO DA**
1288,MARCELO DE**
1957,Marcelo Si**
1759,Marcia  L***
1209,Marcia Gal**
1348,Marcia Mar**
817,Márcia Mar**
1482,Marciane E**
1349,MARCICLEID**
1941,Marcileide**
1539,Marcilene **
326,MARCILIA C**
1574,Marcilio A**
1319,MARCILIO P**
706,Marcilio R**
707,MARCIO D****
708,MARCIO F****
1210,Marcio Adi**
1320,MARCONE JO**
1423,Marcos F****
10,Marcos L****
709,MARCOS A****
710,MARCOS A****
711,Marcos C****
712,MARCOS V****
1245,Marcos Ant**
1446,Marcos Ant**
1483,Marcos Aur**
1540,Marcos Aur**
1390,MARCYLA DE**
1849,Maressa Ma**
713,Margarida **
818,Margarida **
725,MARIA L*****
726,MARIA S*****
717,MARIA C*****
721,MARIA E*****
723,MARIA J*****
1762,Maria F*****
330,MARIA D*****
336,MARIA J*****
337,MARIA J*****
338,MARIA S*****
1424,Maria R*****
715,Maria  Car**
1541,Maria Adri**
907,Maria Alex**
1029,MARIA ALEX**
1575,Maria Alin**
327,MARIA ALIN**
1760,Maria Alin**
486,Maria Alzi**
1811,Maria Amel**
328,Maria Apar**
983,Maria Apar**
1942,Maria Apar**
1943,Maria Apar**
1615,Maria Apar**
1669,Maria Apar**
487,Maria Apar**
819,Maria Apar**
1289,MARIA APAR**
329,MARIA AUGU**
862,Maria Auxi**
1246,MARIA BEAT**
984,Maria Betâ**
714,Maria Betâ**
1670,Maria Cice**
1974,Maria Clau**
1321,MARIA CLEC**
820,Maria Cleo**
1484,Maria Cris**
716,MARIA CRIS**
1576,Maria da C**
946,Maria da P**
1714,Maria da S**
1761,Maria Dail**
947,Maria das **
489,Maria das **
718,Maria das **
490,Maria das **
821,Maria Das **
985,Maria das **
1995,MARIA DAS **
2043,Maria de F**
1447,Maria de F**
1577,Maria de F**
1715,Maria de F**
1850,Maria de F**
491,Maria de F**
492,Maria de F**
863,Maria de F**
948,Maria de F**
1044,MARIA DE F**
1897,Maria de J**
1616,Maria de L**
331,MARIA DE L**
1391,MARIA DE L**
1392,MARIA DE L**
719,Maria de L**
1671,Maria Dion**
1994,Maria do A**
1448,Maria do C**
488,Maria do C**
1131,Maria do C**
1716,Maria do R**
1898,Maria do S**
986,Maria do S**
1058,Maria do S**
1059,Maria do S**
1132,Maria do S**
1449,Maria do S**
908,Maria do S**
493,Maria do S**
494,Maria do S**
1944,Maria Dulc**
909,Maria Edil**
720,Maria Edin**
1851,Maria Edua**
332,Maria Edua**
822,Maria Elia**
823,Maria Elio**
864,Maria Eliz**
1981,Maria Eliz**
1485,Maria Eril**
1061,MARIA EVAN**
1350,MARIA FABI**
1672,MARIA FLAV**
1986,Maria Fran**
1763,Maria Fran**
1852,Maria Gabr**
1764,MARIA GENR**
987,Maria Gild**
333,MARIA GILV**
988,Maria Girl**
824,Maria Gisl**
1973,Maria Gore**
1812,Maria Gore**
722,MARIA IRAN**
1617,Maria Isab**
1211,Maria Isab**
1765,Maria Izab**
334,MARIA IZAB**
724,Maria Jaqu**
865,Maria Jose**
335,MARIA JOSE**
1899,Maria José**
1450,Maria Jose**
1618,Maria Jose**
1619,Maria Jose**
1673,Maria Jose**
1019,Maria Jose**
1351,MARIA JOSE**
495,Maria Jose**
1813,Maria Jose**
910,Maria Jose**
1814,Maria Josi**
1900,Maria Joyc**
1020,Maria Juli**
1620,Maria Juli**
1393,MARIA JULL**
1621,Maria Kali**
989,Maria Lais**
1070,MARIA LAIS**
911,Maria Laud**
1945,Maria Leni**
1578,Maria Lili**
866,Maria Lind**
1072,MARIA LIND**
1717,Maria Luci**
1486,Maria Luci**
1487,Maria Luci**
1074,MARIA LUCI**
1579,Maria Luíz**
867,Maria Luiz**
1075,MARIA LUIZ**
1538,Maria Luza**
1076,MARIA MADA**
1451,Maria Mara**
1622,Maria Marc**
1718,Maria Mari**
1766,Maria Mari**
1352,MARIA MART**
1247,Maria Moni**
1901,Maria Naza**
1946,Maria Nied**
1488,Maria Nubi**
496,Maria Rafa**
1853,Maria Rita**
1137,Maria Sand**
1077,MARIA SAND**
825,Maria Senh**
1078,MARIA SENH**
1815,Maria Sied**
1322,MARIA SILV**
1854,Maria silv**
1079,MARIA SIRL**
1947,Maria Suil**
949,Maria Valq**
1080,MARIA VALQ**
497,Maria Vand**
1719,Maria Vero**
1855,Maria Vero**
1353,MARIA VERO**
1489,Maria Vilm**
868,Maria Vilm**
1580,Maria Vivi**
826,Maria Wéri**
1082,MARIA WERI**
950,Mariana P***
1083,MARIANA PA**
1623,Marianna R**
1767,Mariano  H**
498,Maricelia **
1581,Marileide **
1021,Marileide **
154,Marileide **
1084,MARILEIDE **
1768,Marilene D**
1085,MARILENE R**
499,Marília S***
1490,Marilia G***
1491,Marilia Sa**
1948,Marilza  d**
1060,Marina Vie**
1086,MARINA VIE**
1087,Marinalva **
951,Marinalva **
339,MARINEUZA **
1290,MARIO ALVE**
727,Mario Cesa**
1212,Mario Jorg**
1816,Marise F****
728,MARIVALDO **
500,Mariza d****
990,Marize Dia**
1088,MARIZE DIA**
1022,Marizete C**
1089,MARIZETE C**
1090,MARLENE FE**
1492,Marli G*****
827,Marta d*****
1091,MARTA DA S**
1291,MARTA DEBO**
501,Martina L***
1394,MARTINHO F**
729,Marvson An**
912,Mary Janic**
1092,MARY JANIC**
1769,Mascia  G***
1213,MATEUS ROD**
1395,MATEUS SOU**
730,MATHEUS P***
1624,Mauricio B**
1582,Maurilio L**
731,MAYARA H****
732,MAYARA N****
1856,Mayara Cri**
1292,MAYARA DE **
1093,Mayara Pau**
1248,Mayla Raia**
869,Mércia Mar**
1094,MERCIA MAR**
733,Merilin Ra**
1293,MICAELE PE**
341,MICHEL P****
340,MICHELLE L**
1323,MICHELLE E**
342,Miguel N****
1857,Milady Mag**
1583,Milena S****
1584,Milka Nati**
913,Millena B***
502,Millena G***
1095,MILLENA BE**
503,Mineilda M**
1452,Mirela Nay**
734,Mirelli N***
914,Mirelly C***
1096,MIRELLY CA**
1858,Miriam P****
1493,Miriam Kel**
1396,MIRIAM KER**
1425,Mirian d****
1949,Mirian S****
1817,Mirian C****
1770,Mirian do **
991,Mirtes Bru**
1097,MIRTES BRU**
1249,MOANY PAST**
1542,Moises X****
343,MONA LISA **
344,Monica C****
1585,Monica B****
1023,Mônica Cri**
1098,MONICA CRI**
1099,MONICA GOM**
504,Monica Mar**
505,Monielson **
345,MONIQUE F***
1586,Mosar Jose**
1250,MURILO EZE**
735,MYRTS FALC**
828,Nádia L*****
1294,NADIA BEZE**
1859,Nádia Cris**
1426,Nádia Kari**
1100,NADIA LIMA**
1101,NADJANE DO**
1024,Nagella Na**
1102,NAGELLA NA**
1902,Naiara A****
1354,NAIDIARA B**
736,NAIEIDE D***
992,Nailo Loci**
1103,NAILO LOCI**
506,Nair Lenet**
1453,Naize G*****
737,NATALIA D***
2042,Natália Na**
1397,NATALIA SO**
507,Nathalia B**
738,Nayane d****
508,Necy N*****
1398,NEIDIJAN M**
993,Neidjane  **
1104,NEIDJANE D**
1771,Neudileme **
870,Neuma de C**
871,Neusa S*****
1106,NEUSA SILV**
1454,Nicacia Ca**
739,Niedson Jo**
1455,Nilma Mari**
1625,Nilva Luci**
829,Nislani Cl**
1107,NISLANI CL**
1295,NIUMA LOPE**
740,Noelba Lei**
1214,Noemia Fla**
509,Normanda P**
1062,Nubia Char**
1108,Nubia Char**
1109,OLINEIDE F**
1950,Ozana Toma**
346,Paloma May**
1399,PALOMA MAY**
915,Pamela Pal**
1110,PAMELA PAL**
1063,Pamella Mo**
1111,PAMELLA MO**
1117,Patricia S**
916,Patricia M**
952,Patrícia d**
1456,Patricia d**
511,Patricia P**
1772,Patricia  **
1860,Patricia L**
510,Patricia A**
1296,PATRICIA B**
1215,PATRÍCIA D**
1112,PATRICIA D**
830,Patricia F**
1025,Patricia I**
1115,PATRICIA I**
1355,PATRICIA M**
741,Patricia M**
1626,Patricia V**
742,Patrizia d**
917,Paula  L****
1064,Paula Cile**
1118,PAULA CILE**
1065,Paula Clef**
1119,PAULA CLEF**
1903,Paula Fern**
1587,Paula Fran**
1120,PAULA REJA**
347,PAULO C*****
744,PAULO M*****
1297,PAULO CESA**
743,Paulo Ceza**
1400,PAULO JOSE**
2041,Paulo Robe**
1401,Paulo Will**
1121,PEDRO ALVE**
1457,Pedro Guil**
1298,Petronio c**
1402,PETRONIO R**
1904,Poliana G***
512,Poliana d***
1026,Poliana Jo**
1122,POLIANA JO**
513,Preslei A***
514,Priscila N**
348,PRISCILA D**
1773,Priscila A**
769,Prof  W*****
789,Prof C*****
790,Prof J*****
791,Prof V*****
1959,Prof E*****
1960,Prof A*****
1961,Prof R*****
1962,Prof J*****
1963,Prof S*****
1964,Prof M*****
1965,Prof E*****
1967,Prof K*****
1970,Prof A*****
1978,Prof R*****
2012,Prof S*****
2015,Prof W*****
2020,Prof N*****
2021,Prof E*****
2024,Prof J*****
2025,Prof N*****
2026,Prof R*****
2027,Prof U*****
2028,Prof B*****
2030,Prof P*****
2032,Prof S*****
2033,Prof  V*****
2034,Prof S*****
2035,Prof G*****
2036,Prof M*****
2038,Prof O*****
2039,Prof D*****
2052,Prof A*****
2053,Prof G*****
30,Prof D*****
58,Prof  P*****
68,Prof  E*****
103,Prof A*****
105,Prof t*****
106,Prof I*****
107,Prof T*****
109,Prof A*****
110,Prof E*****
111,Prof E*****
112,Prof R*****
113,Prof E*****
114,Prof E*****
115,Prof N*****
116,Prof C*****
118,Prof D*****
137,Prof M*****
21,Prof Adria**
1971,Prof Angel**
104,Prof Anton**
1968,Prof Arnie**
27,Prof Barto**
2000,Prof Bened**
31,Prof Bruno**
2031,Prof Carlo**
60,Prof Carlo**
56,Prof Deniz**
108,Prof Dr. A**
52,Prof Edson**
2029,Prof Évert**
63,Prof Felip**
62,Prof Georg**
2003,Prof Giova**
66,Prof Helbe**
2018,Prof Iviso**
2019,Prof Jacia**
786,Prof Klébi**
61,Prof Livia**
67,Prof Lucia**
26,Prof Lucia**
1966,Prof Lucia**
102,Prof Luiz **
24,Prof Marco**
2023,Prof Maria**
117,Prof Maria**
2022,Prof Maria**
101,Prof Maria**
1050,Prof Maria**
2001,Prof Maria**
787,Prof Maria**
65,Prof Maria**
64,Prof Maric**
2002,Prof Marin**
788,Prof Mucio**
29,Prof Othon**
20,Prof Paula**
22,Prof Pedro**
1969,Prof Renat**
1980,Prof Rosân**
2004,Prof Samue**
59,Prof Sever**
23,Prof Simon**
57,Prof Walbe**
28,Prof Wanda**
11,Prof. Alex**
5,Professor0**
745,Quitéria E**
873,Quiteria E**
1123,QUITERIA E**
918,Rafael M****
1124,RAFAEL MAT**
350,Rafael Vie**
1458,Rafaela G***
1066,Rafaela d***
515,Rafaela Cr**
349,RAFAELA DE**
1125,RAFAELA DO**
516,Rafaela Ki**
517,Rafaelly  **
351,RAIANA C****
1067,Raiane A****
1126,RAIANE ALV**
1720,Raiane Joa**
1588,Raiany Ali**
994,Railane S***
1127,RAILANE SO**
746,Railson  F**
518,Raimunda C**
352,RAISSA A****
1494,Ramirys  F**
747,Ranielle d**
919,Raquel M****
1951,Raquel F****
1128,RAQUEL MAT**
1356,Rayane R****
1216,Rayane Bez**
1543,Rayanne O***
748,RAYANNE P***
519,Raysa L*****
749,Rebeca Lau**
520,Regina O****
1129,REJANE ALV**
1130,REJANE SOA**
750,Renata V****
1544,Renata F****
1905,Renata A****
1027,Renata Kat**
1357,RENATA MAR**
995,Renato B****
1861,Renato d****
1818,Renne S*****
752,Revisora A**
753,Revisora E**
754,Revisora G**
521,Ricardo P***
353,RICARDO C***
1589,Ricardo R***
831,Rita de Ká**
1133,RITA DE KA**
1590,Rita Maria**
354,RIVANIA MA**
1459,Rivoneide **
874,Rivonio Er**
1134,RIVONIO ER**
875,Rizelândia**
1135,RIZELANDIA**
522,Rizoneide **
1983,Roberta V***
832,Roberta V***
1774,Roberta  F**
1028,Roberta Ke**
1136,Roberta Ke**
1906,ROBERTA MA**
355,Roberta Vi**
356,ROBERVAN A**
357,ROBERVANIA**
755,ROBSON D****
756,RODRIGO BR**
1403,RODRIGO SO**
523,Rogere G****
524,Rogerio d***
1299,Rogerio A***
757,ROGERIO R***
1300,ROMARIO JU**
1819,Romercia A**
758,Romero da **
358,RONICLEA M**
1427,Ronilson D**
759,Ronnayse C**
359,Rosa Catar**
525,Rosa Maria**
760,ROSALVO S***
920,Rosana G****
1674,ROSANA DE **
1138,ROSANA GOM**
878,Rosângela **
1862,Rosangela **
1775,Rosária Lo**
1863,Roseane T***
360,Roseane T***
1139,ROSELI NOG**
1140,Roselia Ma**
1820,Rosely Mar**
1068,Rosemery d**
1141,ROSEMERY D**
526,Rosenilda **
876,Rosiane M***
1142,ROSIANE MA**
1591,Rosibele C**
1143,Rosilda M***
1776,Rosilda A***
1821,Rosilda B***
1144,Rosilene F**
877,Rosilene F**
1145,Rosilene M**
1030,ROSILENE M**
527,Rosivalda **
761,Rosivaldo **
1146,Rozangela **
1147,Rozenilda **
879,Rozenilda **
1217,Rubens Amâ**
1864,Rubia d*****
528,Rubiana S***
1907,RUBISMARA **
1592,Rummenigge**
1495,Russivaldo**
529,Rute Areli**
1908,RUTILIANE **
13,Sabino S****
530,Sabrina G***
1675,SABRINA MA**
1404,SABRINA PA**
954,Sabriny Ga**
1148,SABRINY GA**
361,SAMARA O****
1251,SAMILLE MA**
1324,SANDOVAL J**
1460,Sandra d****
362,SANDRA C****
531,Sandra G****
1822,Sandra Cri**
1721,SANDRA DA **
833,Sandra Mar**
1496,Sandra Mar**
1149,SANDRA MAR**
1069,Sandro Jos**
1150,SANDRO JOS**
762,SARA M*****
532,Sara Maria**
763,Saulo de T**
363,SEBASTIANA**
1722,SEBASTIAO **
533,Sebastiao **
8,secretaria**
1218,Sérgio Cam**
764,Sergio Fer**
765,SEVERINO A**
766,Severino B**
2051,Severino N**
1823,Sheila d****
1723,SHEILA JAQ**
1219,SIDCLEY DE**
921,Sidiane P***
1151,SIDIANE PA**
534,Sidicley E**
1153,Silmara d***
880,Silmara d***
535,Silmara Cr**
1152,SILMARA DO**
1972,Silvanete **
1154,SILVANIA M**
767,Silvanio R**
1405,SILVIA MAR**
1155,SILVIA MAR**
1593,Silvia Rob**
1952,Simone N****
536,Simone d****
537,Simone d****
538,Simone F****
1220,Simone Gom**
1301,Simone Isi**
1252,SIMONE LAR**
1358,Simone Rej**
834,Solange P***
1156,SOLANGE PE**
996,Solon N*****
1953,Solon A*****
1157,SOLON NUNE**
364,SONIA D*****
768,Sonia Mari**
1676,SONIA MARI**
1497,Soraia C****
1909,STHEFANNY **
1071,Sueli C*****
539,Sueli T*****
1158,SUELI CORR**
365,SUÊNIA M****
1594,Suênia F****
1159,SUERDES FU**
1910,Susana C****
1911,Suzana M****
770,Suzana Fab**
771,SUZETE D****
922,Suzielma M**
1160,SUZIELMA M**
540,Taciana M***
1461,Taciana G***
1359,Tacilla Ci**
1462,Tainara Cr**
1627,Tairine A***
835,Taíze d*****
1161,TAIZE DE V**
1463,Talita B****
1824,Talita Ari**
1912,Tallyta Sa**
1162,Tamires d***
1360,Tamires F***
541,Tamires P***
542,Tamires S***
955,Tamires  d**
366,TAMIRES  D**
1677,TAMIRES BE**
1825,Tamiris Ca**
1865,Tania Clar**
1163,TANIA REGI**
1406,TARCILA DI**
772,Tatiana Ro**
1407,Tatiane A***
1724,Taynara Ma**
1408,TAYSE SANT**
1678,Telma  G****
1428,Tenilvania**
1464,Teresa Car**
1165,TEREZA CRI**
773,Tereza Rai**
1302,TEREZINHA **
1166,TEREZINHA **
774,THAIS F*****
1628,Thaís B*****
367,THAISA P****
1429,Thaiz R*****
1866,Thallyta B**
1958,Thaysa S****
1031,Thereza Ra**
1167,THEREZA RA**
775,THIAGO C****
777,THIAGO J****
776,THIAGO EMA**
1409,Tiago da S**
1679,TIAGO MORA**
778,TULIO JOSE**
793,Tutor a Di**
38,Tutor Dist**
129,Tutor Dist**
120,Tutor Dist**
37,Tutor Dist**
128,Tutor Dist**
182,Tutor Dist**
69,Tutor Dist**
170,Tutor Dist**
204,Tutor Dist**
131,Tutor Dist**
82,Tutor Dist**
83,Tutor Dist**
121,Tutor Dist**
184,Tutor Dist**
792,Tutor Dist**
185,Tutor Dist**
196,Tutor Dist**
81,Tutor Dist**
124,Tutor Dist**
39,Tutor Dist**
187,Tutor Dist**
173,Tutor Dist**
197,Tutor Dist**
205,Tutor Dist**
125,Tutor Dist**
122,Tutor Dist**
188,Tutor Dist**
2037,Tutor Dist**
189,Tutor Dist**
179,Tutor Dist**
206,Tutor Dist**
123,Tutor Dist**
127,Tutor Dist**
126,Tutor Dist**
100,Tutor Dist**
192,Tutor Dist**
2048,Tutor Dist**
130,Tutor Dist**
40,Tutor Dist**
41,Tutor Dist**
119,Tutor Dist**
80,Tutor Dist**
42,Tutor Dist**
180,Tutor Dist**
79,Tutor Dist**
191,Tutor Dist**
198,Tutor Dist**
181,Tutor Dist**
1990,Tutor Pres**
1988,Tutor Pres**
53,Tutor Pres**
1987,Tutor Pres**
2008,Tutor Pres**
2005,Tutor Pres**
1989,Tutor Pres**
2006,Tutor Pres**
54,Tutor Pres**
2007,Tutor Pres**
163,Tutor Pres**
43,Tutor Pres**
161,Tutor Pres**
47,Tutor Pres**
89,Tutor Pres**
86,Tutor Pres**
92,Tutor Pres**
96,Tutor Pres**
97,Tutor Pres**
45,Tutor Pres**
88,Tutor Pres**
168,Tutor Pres**
140,Tutor Pres**
183,Tutor Pres**
44,Tutor Pres**
164,Tutor Pres**
1976,Tutor Pres**
95,Tutor Pres**
141,Tutor Pres**
171,Tutor Pres**
142,Tutor Pres**
186,Tutor Pres**
1984,Tutor Pres**
167,Tutor Pres**
143,Tutor Pres**
159,Tutor Pres**
46,Tutor Pres**
172,Tutor Pres**
144,Tutor Pres**
2009,Tutor Pres**
1977,Tutor Pres**
145,Tutor Pres**
1956,Tutor Pres**
201,Tutor Pres**
2016,Tutor Pres**
174,Tutor Pres**
146,Tutor Pres**
147,Tutor Pres**
162,Tutor Pres**
202,Tutor Pres**
203,Tutor Pres**
175,Tutor Pres**
148,Tutor Pres**
199,Tutor Pres**
176,Tutor Pres**
1164,Tutor Pres**
190,Tutor Pres**
177,Tutor Pres**
178,Tutor Pres**
149,Tutor Pres**
138,Tutor Pres**
166,Tutor Pres**
150,Tutor Pres**
151,Tutor Pres**
169,Tutor Pres**
2011,Tutor Pres**
152,Tutor Pres**
153,Tutor Pres**
1985,Tutor Pres**
155,Tutor Pres**
1975,Tutor Pres**
91,Tutor Pres**
48,Tutor Pres**
85,Tutor Pres**
156,Tutor Pres**
84,Tutor Pres**
49,Tutor Pres**
157,Tutor Pres**
2049,Tutor Pres**
93,Tutor Pres**
139,Tutor Pres**
2010,Tutor Pres**
200,Tutor Pres**
50,Tutor Pres**
51,Tutor Pres**
2054,Tutor Virt**
6,Tutor01 T***
77,Tutora a D**
78,Tutora a D**
87,Tutora a D**
158,Tutora Ste**
1303,UOSTON DOS**
1,Usuário vi**
1465,Vagner d****
368,VAGNER A****
1304,VALDEI JOS**
369,Valdemir A**
779,Valdenia K**
1867,Valdenice **
543,Valdir F****
1868,Valdirene **
1725,Valéria Ju**
1410,Valeska G***
780,Valgleice **
544,Valkiria  **
836,Valquiria **
1913,Valquíria **
1168,VALQUIRIA **
781,VAMYLLE J***
1680,Vandecleit**
1629,Vanderlani**
1954,Vanderlea **
370,VANDINAURA**
371,VANESSA F***
546,Vanessa N***
782,VANESSA L***
1032,Vanessa Cr**
1169,VANESSA CR**
545,Vanessa Ma**
1726,Vanessa Ro**
1033,Vanilson S**
1170,VANILSON S**
1630,Vanine Cel**
783,VANUSA Z****
1073,Vera Lucia**
1171,VERA LUCIA**
1172,VERA LUCIA**
1955,Veronica S**
547,Vilaneia M**
784,VILMA D*****
372,VIRGINIA D**
1034,Viviane  d**
923,Viviane C***
1173,VIVIANE CL**
1174,VIVIANE DO**
956,Wagnar Car**
1175,WAGNAR CAR**
785,WAGNER M****
1221,Wagnerdale**
1222,Waldevikso**
373,WAMBERG K***
374,Wanessa Ké**
375,Washington**
376,WELLINGTON**
1681,Welmon G****
1631,Wesley d****
1325,WEYLLER MA**
548,Wicthor Hu**
1176,WILKA CALA**
549,Wilkson Ro**
1999,Willa Taiz**
1177,WILLA TAIZ**
550,Williany L**
838,Wilma Mari**
1178,WILMA MARI**
551,Wiviane Ke**
1179,ZILMA NUNE**
1180,ZULEIDE DE**
